image,A,B,C,D,E,F,K,L,M,N,O,P
021002_004.png,0.5616511,0.5184965,0.5178046,0.42783588,0.47353986,0.48705223,0.5152198,0.48414877,0.5117951,0.5415387,0.47721893,0.47696042
021003_004.png,0.5269796,0.49864027,0.5302354,0.45455325,0.4713258,0.4916128,0.5014454,0.4865067,0.5015726,0.546264,0.46561858,0.4650651
021011_004.png,0.5532776,0.4981022,0.51197284,0.43487185,0.45594162,0.49542993,0.5157448,0.49617556,0.5112598,0.564088,0.46472976,0.46049294
